<odoo>
    <data>
        <record id="rentsurf_group_user" model="res.groups">
            <field name="name">User</field>
            <field name="category_id" ref="base.module_category_services_location"></field>
            <field name="implied_ids" eval="[(4, ref('base.group_user'))]"></field>
        </record>
        <record id="rentsurf_group_manager" model="res.groups">
            <field name="name">Manager</field>
            <field name="category_id" ref="base.module_category_services_location"></field>
            <field name="implied_ids" eval="[(4, ref('rentsurf.rentsurf_group_user'))]"></field>
            <field name="users" eval="[(4, ref('base.user_root')), (4, ref('base.user_admin'))]"></field>
        </record>
    </data>
</odoo>