<odoo>
    <data noupdate="1">

        <!-- Quivers -->
        <record id="demo_quiver_anglet" model="rentsurf.quiver">
            <field name="name">Anglet Quiver</field>
            <field name="active">True</field>
            <field name="address_street">10 allée du parc Montaury</field>
            <field name="address_zipcode">64600</field>
            <field name="address_city">Anglet</field>
            <field name="places_max">10</field>
        </record>

        <record id="demo_quiver_biarritz" model="rentsurf.quiver">
            <field name="name">Biarritz Quiver</field>
            <field name="active">True</field>
            <field name="address_street">1 rue de la Plage</field>
            <field name="address_zipcode">64200</field>
            <field name="address_city">Biarritz</field>
            <field name="places_max">6</field>
        </record>

        <!-- Options -->
        <record id="demo_option_leash" model="rentsurf.option">
            <field name="name">Leash</field>
            <field name="active">True</field>
            <field name="category">security</field>
            <field name="description">Safety leash</field>
        </record>

        <record id="demo_option_wax" model="rentsurf.option">
            <field name="name">Wax pack</field>
            <field name="active">True</field>
            <field name="category">comfort</field>
            <field name="description">Extra wax</field>
        </record>

        <!-- Categories -->
        <record id="demo_cat_shortboard" model="rentsurf.category">
            <field name="name">Shortboard</field>
            <field name="active">True</field>
            <field name="description">Short boards (planches courtes pour niveau intermédiaire à avancé)</field>
        </record>

        <record id="demo_cat_beginner" model="rentsurf.category">
            <field name="name">Debutant</field>
            <field name="active">True</field>
            <field name="description">Planches pour les debutants</field>
        </record>

        <!-- Boards (liés) -->
        <record id="demo_board_1" model="rentsurf.board">
            <field name="active">True</field>
            <field name="num_inv">SURF-2025-0001</field>
            <field name="model">Torq 7.2</field>
            <field name="notes">Planche de demo liée à quiver/options/categories</field>
            <field name="length_cm">218</field>
            <field name="condition">bon</field>
            <field name="date_purchased">2024-06-15</field>

            <field name="quiver_id" ref="demo_quiver_anglet"/>
            <field name="option_ids" eval="[(6, 0, [ref('demo_option_leash'), ref('demo_option_wax')])]"/>
            <field name="category_ids" eval="[(6, 0, [ref('demo_cat_beginner')])]"/>
        </record>

        <!-- Board (non lié partiellement : pas d’options ni catégories) -->
        <record id="demo_board_2" model="rentsurf.board">
            <field name="active">True</field>
            <field name="num_inv">SURF-2025-0002</field>
            <field name="model">Minimal 8.0</field>
            <field name="notes">Planche de demo liée uniquement à 1 quiver</field>
            <field name="length_cm">244</field>
            <field name="condition">utilisé</field>
            <field name="date_purchased">2023-05-10</field>

            <field name="quiver_id" ref="demo_quiver_biarritz"/>
        </record>

        <!-- Exemple de contact (modèle étendu) -->
        <record id="demo_partner_customer" model="res.partner">
            <field name="name">Client Demo RentSurf</field>
            <field name="rentsurf_is_customer">True</field>
            <field name="rentsurf_level">debutant</field>
            <field name="rentsurf_preferred_quiver_id" ref="demo_quiver_anglet"/>
        </record>

    </data>
</odoo>